Center Title,Center Address,Center Phone Number,Center Member Id,Center State
NAPA AutoCare Center Beebe Auto and Truck,"504 W. Center Street Beebe, Arkansas, 72012",(501) 882-6040,Member: 127965199,Arkansas
NAPA AutoCare Center RDM Diesel,"2754 S E Avenue FRESNO, California, 93725",(559) 494-0995,Member: 1223416,California
NAPA AutoCare Center Ski Country Auto/Truck and Tow,"1125 N Summit Blvd Frisco, Colorado, 80443",(970) 668-3093,Member: 182246,Colorado
NAPA AutoCare Center Mezzio Auto Care,"792 New Haven Rd Naugatuck, Connecticut, 06770",(203) 729-5988,Member: 84428,Connecticut
NAPA AutoCare Center New England Fire Equipment,"10 Stillman Road NORTH HAVEN, Connecticut, 06473",(203) 239-5678,Member: 565833,Connecticut
NAPA AutoCare Center Knecht's Garage Inc,"101 Monroe Turnpike Trumbull, Connecticut, 06611",(203) 268-6284,Member: 1152686,Connecticut
NAPA AutoCare Center New England Fleet Services,"42 Russell Rd. EAST GRANBY, Connecticut, 06026",(860) 413-3040,Member: 699531,Connecticut
NAPA AutoCare Center Merli Automotive,"846 S Main St Torrington, Connecticut, 06790",(860) 489-5587,Member: 597202,Connecticut
NAPA AutoCare Center Faris Auto Mall Inc.,"512 West Center St Manchester, Connecticut, 06040",(860) 881-5555,Member: 1285200,Connecticut
NAPA AutoCare Center Equipment Maintenance Inc CT,"15 Golden St Meriden, Connecticut, 06450",(860) 238-2767,Member: 1323508,Connecticut
NAPA AutoCare Center D & L Towing,"1219 Berlin Turnpike BERLIN, Connecticut, 06037",(860) 828-3186,Member: 298944,Connecticut
NAPA AutoCare Center Breezy Point Garage Inc,"611 Main Street STRATFORD, Connecticut, 06615",(203) 377-2092,Member: 453771,Connecticut
NAPA AutoCare Center Rolling Wrenches,"12296 Union St Ext Milton, Delaware, 19968",(302) 684-8337,Member: 1308832,Delaware
NAPA AutoCare Center RA Weaver Mobile Mechanic Service,"3556 Seaman Rd Preston, Maryland, 21655",(443) 203-9463,Member: 1299497,Delaware
"NAPA AutoCare Center Dynamic Diesel, LLC","9353 Ocean Gateway Easton, Maryland, 21601",Member: 1295730,Get Directions,Delaware
NAPA AutoCare Center BCB Diesel,"404 Milford Harrington Hwy MILFORD, Delaware, 19963",(302) 542-6178,Member: 1252622,Delaware
NAPA AutoCare Center Ketchum Auto Inc.,"360 10th St. East Ketchum, Idaho, 83340",(208) 726-8259,Member: 1309938,Idaho
NAPA AutoCare Center Wenninger Automotive,"822 N Nebraska MORTON, Illinois, 61550",(309) 266-1131,Member: 337600,Illinois
NAPA AutoCare Center Martin Automotive,"2136 Washington Rd Washington, Illinois, 61571",(309) 745-9513,Member: 396510,Illinois
NAPA AutoCare Center Byers Automotive,"1080 W Jefferson MORTON, Illinois, 61550",(309) 263-2340,Member: 337604,Illinois
NAPA AutoCare Center Mikes Garage,"1484 S Main St Morton, Illinois, 61550",(309) 266-7814,Member: 371719,Illinois
NAPA AutoCare Center Raisor Motor Company,"307 S Main Morton, Illinois, 61550",(309) 263-2822,Member: 304310,Illinois
NAPA AutoCare Center Schrock Repair Inc,"1422 US HWY 150 Goodfield 150, Illinois, 61742",(309) 965-2020,Member: 312214,Illinois
NAPA AutoCare Center Sancken Automtive,"609 W Center St EUREKA, Illinois, 61530",(309) 467-2422,Member: 663480,Illinois
NAPA AutoCare Center Hiller Automotive,"3420 Court St NORTH PEKIN, Illinois, 61554",(309) 693-9661,Member: 634759,Illinois
NAPA AutoCare Center Corbly Auto & Tire,"104 N Sharp PO Box 95, Congerville, Illinois, 61729",(309) 448-2247,Member: 115315,Illinois
NAPA AutoCare Center Service Auto Center,"101 N Wood St Washington, Illinois, 61571",(309) 444-8470,Member: 94791,Illinois
NAPA AutoCare Center Carlock Auto Service Center,"W 302 Washington Carlock, Illinois, 61725",(309) 376-4221,Member: 114773,Illinois
NAPA AutoCare Center Keith's Kar Kare,"810 N Main Street Morton, Illinois, 61550",(309) 266-9004,Member: 310550,Illinois
NAPA AutoCare Center The AutoLink,"7402 S Adams PEORIA, Illinois, 61607",(309) 697-9800,Member: 697815,Illinois
NAPA AutoCare Center Stecher's Automotive Svc Inc,"1006 W Main St PEORIA, Illinois, 61606",(309) 673-5337,Member: 313803,Illinois
NAPA AutoCare Center Midwest Truck and 4WD Center,"1360 Spring Bay Rd East Peoria, Illinois, 61611",(309) 822-0800,Member: 530845,Illinois
NAPA AutoCare Center Mid-Illini Auto Center,"1139 Wesley Rd PEKIN, Illinois, 61554",(309) 642-6750,Member: 1205674,Illinois
NAPA AutoCare Center Randle Automotive Services,"520 West Mt. Vernon Metamora, Illinois, 61548",(309) 367-4185,Member: 1297101,Illinois
NAPA AutoCare Center Peterson Automotive & Diesel,"2367 Washington Rd WASHINGTON, Illinois, 61571",(309) 745-3002,Member: 498094,Illinois
NAPA AutoCare Center Pekin Alignment & Auto Body,"25 S 2nd St Pekin, Illinois, 61554",(309) 347-6602,Member: 688025,Illinois
NAPA AutoCare Center Big City Automotive,"1302 W. Bradley Ave Peoria, Illinois, 61606",(309) 339-7302,Member: 1281681,Illinois
NAPA AutoCare Center Mike's Car Care Center,"1745 Etna Ave Huntington, Indiana, 46750",(260) 359-8000,Member: 248098,Indiana
NAPA AutoCare Center Upland Tire & Service Center,"148 S Main Street Upland, Indiana, 46989",(765) 998-0871,Member: 244427,Indiana
NAPA AutoCare Center Kirtlan Automotive,"750 S Cass St Wabash, Indiana, 46992",(260) 563-0848,Member: 234479,Indiana
NAPA AutoCare Center Schroeder Sales and Service,"1001 W Park Drive Huntington, Indiana, 46750",(260) 356-0397,Member: 333998,Indiana
NAPA AutoCare Center Best One Tire & Auto Care,"1801 S Western Ave Marion, Indiana, 46953",(765) 662-3856,Member: 139370,Indiana
NAPA AutoCare Center Daniels Automotive Car Care,"700 E Market St Huntington, Indiana, 46750",(260) 356-6465,Member: 1150580,Indiana
NAPA AutoCare Center Huggins Auto Sales,"2603 N Walnut St HARTFORD CITY, Indiana, 47348",(765) 348-3410,Member: 526472,Indiana
NAPA AutoCare Center Rick's Auto,"127 Manchester Ave Wabash, Indiana, 46992",(260) 225-0567,Member: 371055,Indiana
NAPA AutoCare Center Lee's Auto Service,"2720 S G Street Elwood, Indiana, 46036",(765) 552-6728,Member: 162772,Indiana
NAPA AutoCare Center Friermood Tire & Alignment,"1699 Stitt St Wabash, Indiana, 46992",(260) 563-2758,Member: 232056,Indiana
NAPA AutoCare Center T N T Auto Sales & Service,"811 S Independance St Windfall, Indiana, 46076",(765) 945-7306,Member: 137325,Indiana
NAPA AutoCare Center Smith Consulting,"850 West Huntington Street MONTPELIER, Indiana, 47359",(765) 728-5980,Member: 524335,Indiana
NAPA AutoCare Center Park Drive Oil,"50 W Park Dr HUNTINGTON, Indiana, 46750",(260) 356-2209,Member: 1152321,Indiana
NAPA AutoCare Center Johnson Towing,"17335 State Rd 3 North EATON, Indiana, 47338",(765) 396-3298,Member: 1172981,Indiana
NAPA AutoCare Center Ground Up Diesel Repair,"2551 N 300 E LAGRO, Indiana, 46941",(260) 591-0505,Member: 698335,Indiana
NAPA AutoCare Center American Automotive,"308 E Main Street GREENTOWN, Indiana, 46936",(765) 627-8198,Member: 629480,Indiana
NAPA AutoCare Center Wertenberger Tire,"1400 South Jefferson St. HUNTINGTON, Indiana, 46750",(260) 356-5400,Member: 1018960,Indiana
NAPA AutoCare Center Joe Walker Pro Auto Repair,"3601 W CR 900 N GASTON, Indiana, 47342",(765) 730-6105,Member: 645287,Indiana
NAPA AutoCare Center Ground Up Diesel Repair,"2551 N 300 E LAGRO, Indiana, 46941",(260) 591-0505,Member: 69833599,Indiana
NAPA AutoCare Center Ambler Service & Repair LLC,"1364 Grant St HUNTINGTON, Indiana, 46750",(260) 356-5151,Member: 401481,Indiana
NAPA AutoCare Center Mike's Car Care Center,"1745 Etna Ave Huntington, Indiana, 46750",(260) 359-8000,Member: 248098,Iowa
NAPA AutoCare Center Upland Tire & Service Center,"148 S Main Street Upland, Indiana, 46989",(765) 998-0871,Member: 244427,Iowa
NAPA AutoCare Center Kirtlan Automotive,"750 S Cass St Wabash, Indiana, 46992",(260) 563-0848,Member: 234479,Iowa
NAPA AutoCare Center Schroeder Sales and Service,"1001 W Park Drive Huntington, Indiana, 46750",(260) 356-0397,Member: 333998,Iowa
NAPA AutoCare Center Best One Tire & Auto Care,"1801 S Western Ave Marion, Indiana, 46953",(765) 662-3856,Member: 139370,Iowa
NAPA AutoCare Center Daniels Automotive Car Care,"700 E Market St Huntington, Indiana, 46750",(260) 356-6465,Member: 1150580,Iowa
NAPA AutoCare Center Huggins Auto Sales,"2603 N Walnut St HARTFORD CITY, Indiana, 47348",(765) 348-3410,Member: 526472,Iowa
NAPA AutoCare Center Rick's Auto,"127 Manchester Ave Wabash, Indiana, 46992",(260) 225-0567,Member: 371055,Iowa
NAPA AutoCare Center Lee's Auto Service,"2720 S G Street Elwood, Indiana, 46036",(765) 552-6728,Member: 162772,Iowa
NAPA AutoCare Center Friermood Tire & Alignment,"1699 Stitt St Wabash, Indiana, 46992",(260) 563-2758,Member: 232056,Iowa
NAPA AutoCare Center T N T Auto Sales & Service,"811 S Independance St Windfall, Indiana, 46076",(765) 945-7306,Member: 137325,Iowa
NAPA AutoCare Center Smith Consulting,"850 West Huntington Street MONTPELIER, Indiana, 47359",(765) 728-5980,Member: 524335,Iowa
NAPA AutoCare Center Park Drive Oil,"50 W Park Dr HUNTINGTON, Indiana, 46750",(260) 356-2209,Member: 1152321,Iowa
NAPA AutoCare Center Johnson Towing,"17335 State Rd 3 North EATON, Indiana, 47338",(765) 396-3298,Member: 1172981,Iowa
NAPA AutoCare Center Ground Up Diesel Repair,"2551 N 300 E LAGRO, Indiana, 46941",(260) 591-0505,Member: 698335,Iowa
NAPA AutoCare Center American Automotive,"308 E Main Street GREENTOWN, Indiana, 46936",(765) 627-8198,Member: 629480,Iowa
NAPA AutoCare Center Wertenberger Tire,"1400 South Jefferson St. HUNTINGTON, Indiana, 46750",(260) 356-5400,Member: 1018960,Iowa
NAPA AutoCare Center Joe Walker Pro Auto Repair,"3601 W CR 900 N GASTON, Indiana, 47342",(765) 730-6105,Member: 645287,Iowa
NAPA AutoCare Center Ground Up Diesel Repair,"2551 N 300 E LAGRO, Indiana, 46941",(260) 591-0505,Member: 69833599,Iowa
NAPA AutoCare Center Ambler Service & Repair LLC,"1364 Grant St HUNTINGTON, Indiana, 46750",(260) 356-5151,Member: 401481,Iowa
NAPA AutoCare Center Martin's Pro Auto,"911 Evans St Ellsworth, Kansas, 67439",(785) 472-5858,Member: 1167163,Kansas
NAPA AutoCare Center Cantu Auto Repair,"209 W Main St Osborne, Kansas, 67473",(785) 345-4000,Member: 1214857,Kansas
NAPA AutoCare Center LCI Repair Shop,"3548 East Highway 40 Oakley, Kansas, 67748",(785) 672-4666,Member: 408433,Kansas
NAPA AutoCare Center Sturgeon's Tire & Alignment,"107 W New Hampshire St Osborne, Kansas, 67473",(785) 346-4406,Member: 1332554,Kansas
NAPA AutoCare Center Craig's Auto Repair,"121 Westside Dr Winchester, Kentucky, 40391",(859) 745-4032,Member: 365326,Kentucky
NAPA AutoCare Center Complete Auto Repair,"2336 Palumbo Drive LEXINGTON, Kentucky, 40509",(859) 268-8715,Member: 1024118,Kentucky
NAPA AutoCare Center Barger's Auto and Truck Center,"1207 Berea Road Richmond, Kentucky, 40475",(859) 623-3770,Member: 410763,Kentucky
NAPA AutoCare Center Southside Auto Repair,"403 Southland Dr. LEXINGTON, Kentucky, 40503",(859) 278-2999,Member: 1142335,Kentucky
NAPA AutoCare Center Cliff's Truck Service LLC,"401 McConnel Springs Lexington, Kentucky, 40504",(859) 254-9422,Member: 411521,Kentucky
NAPA AutoCare Center A & M Diesel,"1310 Lebannon Rd DANVILLE, Kentucky, 40422",(859) 332-7026,Member: 691767,Kentucky
NAPA AutoCare Center Thorough Truck,"8725 N Wilderness Rd Mt Vernon, Kentucky, 40456",(606) 256-4099,Member: 1156337,Kentucky
NAPA AutoCare Center Mike's Auto Care,"1596 Ballard Rd LANCASTER, Kentucky, 40444",(859) 339-3387,Member: 1172665,Kentucky
NAPA AutoCare Center Hughes Truck and Trailer Repair,"4001 Park Central Ave. Nicholasville, Kentucky, 40356",(859) 684-5645,Member: 1279650,Kentucky
NAPA AutoCare Center Diesel Tech,"151 South By Pass Danville, Kentucky, 40422",(859) 236-2545,Member: 240587,Kentucky
NAPA AutoCare Center Cliff's Truck Service LLC,"401 McConnel Springs Lexington, Kentucky, 40504",(859) 254-9422,Member: 41152199,Kentucky
NAPA AutoCare Center Clark's Tire & Auto Service,"507 Cherry Blossom Way Georgetown, Kentucky, 40324",(502) 863-7534,Member: 300749,Kentucky
NAPA AutoCare Center Barger's Auto and Truck Center,"1207 Berea Road Richmond, Kentucky, 40475",(859) 623-3770,Member: 41076399,Kentucky
NAPA AutoCare Center Ashley's Wheel & Brake Service,"235 East 2nd Street LEXINGTON, Kentucky, 40507",(859) 252-2975,Member: 186500,Kentucky
NAPA AutoCare Center Simple Simon Tire and Car Care,"7777 Airline Hwy BATON ROUGE, Louisiana, 70815",(225) 927-2311,Member: 528084,Louisiana
NAPA AutoCare Center Keith's Automotive Repair,"8618 Florida Blvd BATON ROUGE, Louisiana, 70815",(225) 926-5031,Member: 185328,Louisiana
NAPA AutoCare Center Fife Tire & Car Care,"2967 Monterrey BATON ROUGE, Louisiana, 70814",(225) 923-2500,Member: 662372,Louisiana
NAPA AutoCare Center Addis Service Station,"7857 1st St ADDIS, Louisiana, 70710",(225) 687-6729,Member: 344754,Louisiana
NAPA AutoCare Center Simpson's Auto Service Inc,"505 North Alexander Ave Port Allen, Louisiana, 70767",(225) 343-7255,Member: 236039,Louisiana
NAPA AutoCare Center Plantation Car Care,"3251 Drusilla Ln BATON ROUGE, Louisiana, 70809",(225) 390-9393,Member: 500538,Louisiana
NAPA AutoCare Center Daryl's Automotive,"7353 Town South Ave BATON ROUGE, Louisiana, 70810",(225) 769-2832,Member: 50118,Louisiana
NAPA AutoCare Center Hunt's Tire & Car Care,"10440 Greenwall Springs Rd BATON ROUGE, Louisiana, 70814",(225) 272-7404,Member: 1144228,Louisiana
NAPA AutoCare Center Burbank Tire & Car Care,"9210 Burbank Drive BATON ROUGE, Louisiana, 70820",(225) 766-2520,Member: 717542,Louisiana
NAPA AutoCare Center Bayou Pro Tire & Lube,"3001 Lafiton Lane PORT ALLEN, Louisiana, 70767",(225) 246-8265,Member: 1203462,Louisiana
NAPA AutoCare Center McDonald TireCenter #2,"10020 Florida Blvd BATON ROUGE, Louisiana, 70815",(225) 272-9032,Member: 500540,Louisiana
NAPA AutoCare Center Ragusa's Automotive,"2714 Goverment St BATON ROUGE, Louisiana, 70806",(225) 344-2736,Member: 500548,Louisiana
NAPA AutoCare Center Total Performance Specialties,"7786 HWY 61 St. Francisville, Louisiana, 70775",(225) 635-6543,Member: 1295705,Louisiana
NAPA AutoCare Center Sonny's Auto Repair LA,"14831 Blackwater Rd Baker, Louisiana, 70714",(225) 261-5551,Member: 1314102,Louisiana
NAPA AutoCare Center Pit Stop Tire & Car Care,"9556 S Choctaw Dr Baton Rouge, Louisiana, 70815",(225) 925-9903,Member: 1327115,Louisiana
NAPA AutoCare Center Mike's Auto Repair Baton Rouge,"8367 1/2 Airline Hwy. Baton Rouge, Louisiana, 70815",(225) 272-1131,Member: 1294541,Louisiana
NAPA AutoCare Center Hobgood Garage,"114 Hwy. 19 Slaughter, Louisiana, 70777",Member: 1297210,Get Directions,Louisiana
NAPA AutoCare Center Car Master Inc,"10614 S Choctaw Dr BATON ROUGE, Louisiana, 70815",(225) 272-0720,Member: 717068,Louisiana
NAPA AutoCare Center Berthelot Automotive,"57975 Belleview Road PLAQUEMINE, Louisiana, 70764",(225) 687-6070,Member: 672696,Louisiana
NAPA AutoCare Center B M & W Glass Plus,"4365 W Mae Street Zachary, Louisiana, 70791",(225) 654-6035,Member: 337768,Louisiana
NAPA AutoCare Center Dave's Automotive Services,"14 Eveleth Hill Greenville, Maine, 04441",(207) 695-3103,Member: 146652,Maine
NAPA AutoCare Center Madison Automotive,"173 White Schoolhouse Road MADISON, Maine, 04950",(207) 696-5523,Member: 1227047,Maine
"NAPA AutoCare Center M & M Automotive, LLC","239 Main Rd Brownville, Maine, 04414",(207) 965-6055,Member: 1278284,Maine
NAPA AutoCare Center Engstrom's Auto Service,"233 Water St. Guilford, Maine, 04443",(207) 876-1088,Member: 1280456,Maine
NAPA AutoCare Center Devoe and Sons Auto Repair,"454 Fuller Rd Hermon, Maine, 04401",(207) 605-0375,Member: 1324198,Maine
NAPA AutoCare Center TG Automotive,"8176 Telegraph Rd Suite E, SEVERN, Maryland, 21144",(443) 795-4733,Member: 1172272,Maryland
NAPA AutoCare Center AAA Car Care Travel Center,"898 Waugh Chapel Rd GAMBRILLS, Maryland, 21054",(800) 999-4952,Member: 681638,Maryland
NAPA AutoCare Center AAA Car Care Travel Center,"10 Holsum Way GLEN BURNIE, Maryland, 21060",(410) 487-0505,Member: 1190955,Maryland
NAPA AutoCare Center Gary's Automotive Service Ctr,"8000 Braygreen Road Laurel, Maryland, 20707",(301) 953-2886,Member: 396591,Maryland
NAPA AutoCare Center Johnny's Auto Service,"9401 Smith Ave Lanham, Maryland, 20706",(301) 577-3140,Member: 1175726,Maryland
NAPA AutoCare Center McFadden Service Center,"141 Bowie Rd Laurel, Maryland, 20707",(301) 490-0411,Member: 1176486,Maryland
NAPA AutoCare Center AAA Car Care Travel Center,"2054 Somerville Rd ANNAPOLIS, Maryland, 21401",(410) 757-7400,Member: 1181811,Maryland
NAPA AutoCare Center AAA Car Care Center,"8499 Cherry Lane LAUREL, Maryland, 20707",(301) 957-3933,Member: 1213425,Maryland
"NAPA AutoCare Center Greig Enterprises, LLC","302 Legion Ave Annapolis, Maryland, 21401",(410) 268-8010,Member: 88737,Maryland
NAPA AutoCare Center Country Club Automotive,"7448 E Furnace Branch Road Glen Burnie, Maryland, 21060",(410) 768-0414,Member: 380084,Maryland
NAPA AutoCare Center Spirit LED Autocare LLC,"8840 Washington Blvd Unit E Jessup, Maryland, 20794",(301) 317-0600,Member: 309044,Maryland
NAPA AutoCare Center Suburban Transmissions,"9160 Bursa Rd Laurel, Maryland, 20723",(301) 362-1200,Member: 1322000,Maryland
"NAPA AutoCare Center RJR Auto, Inc","706 Crain Hwy N. Glen Burnie, Maryland, 21061",(410) 766-9200,Member: 1320497,Maryland
NAPA AutoCare Center Mid Way Garage,"44 Avondale St Laurel, Maryland, 20707",(301) 725-3423,Member: 1322001,Maryland
NAPA AutoCare Center JB's Automotive Repair,"7444 Furnace Branch Rd Glen Burnie, Maryland, 21060",(410) 766-5968,Member: 1309809,Maryland
NAPA AutoCare Center Fort Meade Auto Center,"3240 Laurel Fort Meade Rd Laurel, Maryland, 20724",(301) 490-8800,Member: 666654,Maryland
NAPA AutoCare Center Autotech Inc.,"2455 Hudson St Annapolis, Maryland, 21401",(410) 224-6060,Member: 1297496,Maryland
NAPA AutoCare Center Autostream-Annapolis,"1210 Forest Dr Annapolis, Maryland, 20143",(443) 837-6398,Member: 1292385,Maryland
NAPA AutoCare Center Auto Sense,"8209 Cloverleaf Dr Millersville, Maryland, 21108",(410) 761-1599,Member: 1285686,Maryland
NAPA AutoCare Center A. Anthony Inc,"14711 Baltimore Ave Laurel, Maryland, 20707",(301) 362-8500,Member: 1299772,Maryland
NAPA AutoCare Center Leary Auto Repair,"122 South St BEDFORD, Massachusetts, 01730",(781) 271-1170,Member: 1182680,Massachusetts
NAPA AutoCare Center Maynard Motors,"145 Great Road Maynard, Massachusetts, 01754",(978) 897-5204,Member: 236382,Massachusetts
NAPA AutoCare Center Willey's Auto,"1 Euclid Ave Maynard, Massachusetts, 01754",(978) 897-0703,Member: 108764,Massachusetts
NAPA AutoCare Center Sawyer Automotive,"644 Mass Ave Acton, Massachusetts, 01720",(978) 263-7380,Member: 354081,Massachusetts
NAPA AutoCare Center RACC Inc,"158 Prospect Street WALTHAM, Massachusetts, 02453",(781) 899-9088,Member: 529529,Massachusetts
NAPA AutoCare Center Bill's Auto Service,"17 Yetten Terrace Waltham, Massachusetts, 02453",(781) 647-0125,Member: 1175637,Massachusetts
NAPA AutoCare Center Alexander Automotive Service,"316 Boston Post Road SUDBURY, Massachusetts, 01776",(978) 443-2001,Member: 615087,Massachusetts
NAPA AutoCare Center Jarmo's Auto Repair,"5 Acton Street Maynard, Massachusetts, 01754",(978) 897-8757,Member: 410888,Massachusetts
NAPA AutoCare Center Christmas Motors Inc,"133 Acton St Maynard, Massachusetts, 01754",(978) 897-9627,Member: 294576,Massachusetts
NAPA AutoCare Center Precision Auto Center,"492 South Street MARLBOROUGH, Massachusetts, 01752",(508) 740-2793,Member: 1181918,Massachusetts
NAPA AutoCare Center Professional Auto Service Inc,"19 Mechanic St Marlborough, Massachusetts, 01752",(508) 485-8633,Member: 1006612,Massachusetts
NAPA AutoCare Center MP Automotive Repairs,"158 Prospect WALTHAM, Massachusetts, 02453",(781) 899-6272,Member: 1246071,Massachusetts
NAPA AutoCare Center Sudbury Mobil,"432 Boston Post Road Sudbury, Massachusetts, 01776",(978) 443-5697,Member: 320887,Massachusetts
NAPA AutoCare Center Truck and Auto Repair Inc,"55 Pond Street Suite 8, WALTHAM, Massachusetts, 02451",(781) 647-1317,Member: 1159938,Massachusetts
NAPA AutoCare Center Henry Emond Enterprises,"63 Lincoln Street Marlborough, Massachusetts, 01752",(508) 485-4841,Member: 296493,Massachusetts
NAPA AutoCare Center Import Domestic Auto Centers,"317 Central Street Acton, Massachusetts, 01720",(978) 635-1400,Member: 1158185,Massachusetts
NAPA AutoCare Center Al Brodeur Auto Body,"412 South St MARLBOROUGH, Massachusetts, 01752",(508) 485-0251,Member: 578178,Massachusetts
NAPA AutoCare Center Natick Auto Clinic,"193 Worcester Road NATICK, Massachusetts, 01760",(508) 655-2944,Member: 1151192,Massachusetts
NAPA AutoCare Center Boston Muffler Brake & Automot,"251 Lexington Street WALTHAM, Massachusetts, 02452",(781) 899-8376,Member: 1170817,Massachusetts
NAPA AutoCare Center Acton Auto Tech,"336 Great Road ACTON, Massachusetts, 01720",(978) 266-9400,Member: 1204190,Massachusetts
NAPA AutoCare Center Merrill's Service Center,"817 Bell Ave CADILLAC, Michigan, 49601",(231) 775-7571,Member: 279541,Michigan
NAPA AutoCare Center Cadillac Truck Service,"4675 S 39 Rd Cadillac, Michigan, 49601",(231) 775-8471,Member: 329080,Michigan
NAPA AutoCare Center Lake Auto Sales and Service LL,"4251 Lake Station Ave LAKE, Michigan, 48632",(989) 400-7121,Member: 657058,Michigan
NAPA AutoCare Center Cadillac Truck Service,"4675 S 39 Rd Cadillac, Michigan, 49601",(231) 775-8471,Member: 32908099,Michigan
NAPA AutoCare Center Peterson Services Inc,"324 N Mitchell St CADILLAC, Michigan, 49601",(231) 775-8681,Member: 1015447,Michigan
NAPA AutoCare Center Cliff's Major Muffler,"2420 Northern Visions Dr TRAVERSE CITY, Michigan, 49684",(231) 946-4262,Member: 698021,Michigan
NAPA AutoCare Center Subie Guys,"3153 Cass Rd Traverse City, Michigan, 49684",(231) 941-8062,Member: 1297091,Michigan
NAPA AutoCare Center Spears Auto And Repair,"923 S Mitchell St Cadillac, Michigan, 49601",(231) 842-0808,Member: 1326382,Michigan
NAPA AutoCare Center Schooley Auto Repair,"7126 30th Ave Evart, Michigan, 49631",(231) 734-6705,Member: 1321552,Michigan
NAPA AutoCare Center Peninsula Automotive Company,"803 Lynch Dr Unit B Traverse City, Michigan, 49686",(231) 866-1556,Member: 1308200,Michigan
NAPA AutoCare Center Moore Automotive,"335 West South Airport Rd Suite G, Traverse City, Michigan, 49686",(231) 944-1034,Member: 354743,Michigan
NAPA AutoCare Center Kent's Garage,"233 Pearl St Kingsley, Michigan, 49649",(231) 534-0256,Member: 1288618,Michigan
NAPA AutoCare Center Bayshore Tire and Auto,"520 Parkview Ln Suite 4 Frankfort, Michigan, 49635",(231) 352-4262,Member: 1152208,Michigan
NAPA AutoCare Center Advanced Automotive Service,"501 Main Ave S PARK RAPIDS, Minnesota, 56470",(218) 732-1164,Member: 602255,Minnesota
NAPA AutoCare Center Premier Auto Center,"13043 Cty Rd 11 CROSSLAKE, Minnesota, 56442",(218) 765-3020,Member: 547753,Minnesota
NAPA AutoCare Center Double A Automotive,"1389 State 84 PINE RIVER, Minnesota, 56474",(218) 587-2558,Member: 389500,Minnesota
NAPA AutoCare Center Pequot Auto Repair,"3925 County Rd 16 Pequot Lakes, Minnesota, 56472",(218) 568-7777,Member: 539974,Minnesota
NAPA AutoCare Center Lof Repair,"27585 County 4 PARK RAPIDS, Minnesota, 56470",(218) 699-3585,Member: 703058,Minnesota
NAPA AutoCare Center KV Automotive,"33775 Charles Ave Jenkins, Minnesota, 56474",(218) 568-1181,Member: 1228394,Minnesota
NAPA AutoCare Center Scott's Southtown Service,"620 6th St SE Staples, Minnesota, 56479",(218) 894-2137,Member: 1152333,Minnesota
NAPA AutoCare Center Aldens Auto Repair,"25879 Birch St Nisswa, Minnesota, 56468",(218) 568-8448,Member: 296449,Minnesota
NAPA AutoCare Center Verndale Auto Sales & Service,"10 E Mason Ave VERNDALE, Minnesota, 56481",(218) 445-6288,Member: 718474,Minnesota
NAPA AutoCare Center LJ's Auto Repair,"12777 County Rd 1 SW Pillager, Minnesota, 56473",(218) 746-3473,Member: 218602,Minnesota
NAPA AutoCare Center Premier Lube & Repair,"220 Crocus Hill Street PARK RAPIDS, Minnesota, 56470",(218) 237-5823,Member: 602253,Minnesota
NAPA AutoCare Center Walker Tire & Service,"821 Minnesota Ave W WALKER, Minnesota, 56484",(218) 547-6272,Member: 1218719,Minnesota
NAPA AutoCare Center Master Care Auto,"112 Front Street N Pine River, Minnesota, 56474",(218) 587-2232,Member: 1162321,Minnesota
NAPA AutoCare Center Mattson Repair & Body Shop,"48111 City Hwy 19 Sebeka, Minnesota, 56477",(218) 837-5279,Member: 278441,Minnesota
NAPA AutoCare Center Premier Lube & Repair,"220 Crocus Hill Street PARK RAPIDS, Minnesota, 56470",(218) 237-5823,Member: 60225399,Minnesota
NAPA AutoCare Center North Central Aligment & Tire,"407 Highway 71 North Sebeka, Minnesota, 56477",(218) 837-5121,Member: 41567799,Minnesota
NAPA AutoCare Center Nisswa Automotive,"24535 Hazelwood Drive Nisswa, Minnesota, 56468",(218) 963-2202,Member: 1286926,Minnesota
NAPA AutoCare Center KALS INC,"16265 US Hwy 71 Wadena, Minnesota, 56432",(218) 639-1130,Member: 1276169,Minnesota
NAPA AutoCare Center K & K Auto Repair,"21 Birch Ave NE MENAHGA, Minnesota, 56464",(218) 564-4654,Member: 718510,Minnesota
"NAPA AutoCare Center AutoSmith Services Group, LLC","65 Cemetery Rd Motley, Minnesota, 56466",(218) 352-6615,Member: 1284277,Minnesota